{
  "C": 7.515939207823122,
  "gamma": 0.0006453366789215865
}